caller,call_idx,callee,expected,supplied
interp,5950,interp,5,6
interp,6020,interp,5,6
interp,6131,interp,5,7
interp,6201,interp,5,6
interp,6242,interp,5,6
interp,6283,interp,5,6
interp,6353,interp,5,6
interp,6464,interp,5,7
interp,6529,interp,5,6
shen.interp,5950,interp,5,6
shen.interp,6020,interp,5,6
shen.interp,6131,interp,5,7
shen.interp,6201,interp,5,6
shen.interp,6242,interp,5,6
shen.interp,6283,interp,5,6
shen.interp,6353,interp,5,6
shen.interp,6464,interp,5,7
shen.interp,6529,interp,5,6
